streamer,title,link
Azki,【ASMR】重大告知あり！？ 初めてのASMR！教えて小岩井ことり先生！#あずことASMR,https://www.youtube.com/watch?v=yE8NM5c476U&t=630
Azki,【GeoGuessr】声優 vs Vtuber 対決！？ #あずことげっさー【ホロライブ / AZKi / 小岩井ことり】,https://www.youtube.com/watch?v=12kq6BNcKQY&t=1500
Miko,【 タワーオブスカイ 】ホロメン全員神引きして､積みアゲていくにぇ‼🔥【ホロライブ/さくらみこ】,https://www.youtube.com/watch?v=s3VnwTOY43Y&t=2700
Miko,【 #妄想ホロライブ 】勝手にもしもホロライブが学園だったらで妄想してみたら･･･！！！！にぇ【ホロライブ/さくらみこ】,https://www.youtube.com/watch?v=l1FdiXppOhg&t=3060
Miko,【 マリオUSA 】完全初見で挑む騒がしいスーパーマリオUSA、にぇ！！！！！【ホロライブ/さくらみこ】,https://www.youtube.com/watch?v=I6DhaXnYG_k&t=450
Suisei,【#１ブロmiComet】ビジネスの力で１ブロ生活二日目‼【ホロライブ / 星街すいせい】,https://www.youtube.com/watch?v=K5XLFq8XTX4&t=300
Suisei,新〇〇お披露目‼💇＆最後に大告知‼💿【ホロライブ / 星街すいせい】,https://www.youtube.com/watch?v=u4AVqAFr8aE&t=1380
Fubuki,【＃７/ネタバレあり】ロックマンエグゼ3 BLACK【ホロライブ/白上フブキ】,https://www.youtube.com/watch?v=xBN9M0Y4PCc&t=8850
Fubuki,【ホラーゲーム】霧雨が降る森　リメイク版【ホロライブ/白上フブキ】,https://www.youtube.com/watch?v=rcjlwRStALM&t=15180
Fubuki,【#キュビスタ】キュービックスターズを２人で遊んで見る！！【ホロライブ/白上フブキ/宝鐘マリン】,https://www.youtube.com/watch?v=LR9JXY2c7xI&t=2520
Fubuki,【ホラーゲーム】霧雨が降る森　リメイク版　＃２【ホロライブ/白上フブキ】,https://www.youtube.com/watch?v=07ckv978yk0&t=6090
Aqua,【APEX】全レジェンドチャンピオン取るまで終われないStartend！【湊あくあ/星街すいせい/常闇トワ】,https://www.youtube.com/watch?v=upWym-nEjiA&t=5160
Choco,【DeadbyDaylight】トワ様と悪魔の追いかけっこする！【ホロライブ/癒月ちょこ】,https://www.youtube.com/watch?v=N1ZSkmk2z-4&t=840
Choco,【#スバちょこるなたん】姫森ルーナについて語る会【癒月ちょこ/ホロライブ】,https://www.youtube.com/watch?v=50hB_1aX0UQ&t=1710
Subaru,【＃5】ファイナルファンタジー X HD Remasterをプレイするしゅばああああああああああああああああ！！！！！：FINAL FANTASY X【※ネタバレあり】,https://www.youtube.com/watch?v=G5XBvgJumyw&t=3720
Subaru,【＃生スバル】ブラッククローバーモバイル 魔法帝への道 The Opening of Fateをプレイしてみるしゅばあああああああああああああああああ！！！【ホロライブ/大空スバル】,https://www.youtube.com/watch?v=yBupMmq-R6U&t=2040
Subaru,【#生スバル】おはスバしゅばああああああああああああああああああああああ！！！！/Free Talk【ホロライブ/大空スバル】,https://www.youtube.com/watch?v=bA_y-z8dAzs&t=1920
Subaru,【＃6】ファイナルファンタジー X HD Remasterをプレイするしゅばああああああああああああああああ！！！！！：FINAL FANTASY X【※ネタバレあり】,https://www.youtube.com/watch?v=TovI5WuPAPg&t=960
Korone,【Diablo IV】人生はじめての「ディアブロ」で遊んでみる！！！！！！！【戌神ころね/ホロライブ】,https://www.youtube.com/watch?v=B12JQ5Tgtjs&t=7530
Mio,【マイクラ】ブランチマイニング場を作ってみようと思う！【 ホロライブ/大神ミオ】,https://www.youtube.com/watch?v=303OzYv3L7E&t=5820
Okayu,【Minecraft】アプデが来る前に！ネザライトを集めろ！🔥【猫又おかゆ/ホロライブ】,https://www.youtube.com/watch?v=AP7S6RNlEbg&t=11310
Okayu,【ラッキーハプニング】 そ う は な ら ん や ろ 💭【猫又おかゆ/ホロライブ】,https://www.youtube.com/watch?v=T1lm3qZA6n4&t=3450
Okayu,【Bread & Fred】可愛いけど難しい⁉二人で挑戦だ🔥【#おかころ/ホロライブ】,https://www.youtube.com/watch?v=timTOtLj-XY&t=180
Okayu,【イイワケどっち!?】いっぱい頭をつかって言い訳しよう！💡【猫又おかゆ/ホロライブ】,https://www.youtube.com/watch?v=IclK2Y5a9oQ&t=1950
Noel,#08【ゼルダの伝説ティアーズオブザキングダム】寄り道しすぎでゼルダ姫から怒られそう【白銀ノエル/ホロライブ】,https://www.youtube.com/watch?v=yQruI5lU5mA&t=2160
Pekora,【古銭プッシャーフレンズ弐】集まれメダルゲーム部！！！！！！！！！！！！！！！！！！！ぺこ！【ホロライブ/兎田ぺこら】,https://www.youtube.com/watch?v=rSD9FIdGipI&t=6510
Pekora,【同時視聴】シュタインズ・ゲート みんなで観よう！！！！！！！！！！ぺこ！【ホロライブ/兎田ぺこら】,https://www.youtube.com/watch?v=svwzmwsztG4&t=4020
Flare,【スプラトゥーン3/サーモンラン】#にじホロスプラ部 フルパで街を救いにいくぞ！🦑🐙【不知火フレア/ホロライブ】,https://www.youtube.com/watch?v=dN_4ySwuu2w&t=4680
Marine,【お絵かき心理テスト】ｴｯ！？船長の本性が明らかに…【ホロライブ/宝鐘マリン】,https://www.youtube.com/watch?v=gOJ5izxcWNg&t=4470
Marine,【#キュビスタ】あのモンストシリーズ!!フブちゃんとやるぞ！【ホロライブ/宝鐘マリン】,https://www.youtube.com/watch?v=tnWCsgdNC2k&t=3120
Watame,【誕生日カウントダウン】角巻爆誕！一緒に迎えよう！【角巻わため/ホロライブ４期生】,https://www.youtube.com/watch?v=Pqcc1p2NUWs&t=2370
Lamy,【夜雑】寝る前のざつだん～！【雪花ラミィ/ホロライブ】,https://www.youtube.com/watch?v=GClY28SOvm4&t=690
Nene,【 ヴァンガード / 開封 】ムシキングコラボのカードがどうしても引きたいねね【 桃鈴ねね / ホロライブ 】,https://www.youtube.com/watch?v=9rEBA73po4A&t=2040
Botan,【#スバちょこるなたん】お化け屋敷でゴミ掃除するはずが…【獅白ぼたん/ホロライブ】,https://www.youtube.com/watch?v=qK-h6WuL_dA&t=1740
Polka,【トワツガイ】初見プレイ！！！ああ！！！もう絶対エモいやつ・・・・・・・【尾丸ポルカ/ホロライブ】,https://www.youtube.com/watch?v=r8YUze1uxmI&t=930
Polka,【トワツガイ】PART2、無事限界感情オタクになりそうになって感情になる【尾丸ポルカ/ホロライブ】,https://www.youtube.com/watch?v=jPyyy2AouAY&t=2280
Polka,【GOLD曜日】帰ってきた古銭プッシャーフレンズ２！！！かねあつめ！！！【尾丸ポルカ/ホロライブ】,https://www.youtube.com/watch?v=bb_2FGlBdHY&t=1680
Lui,【 ドラクエⅡ 】完全初見。仲間と共に大冒険‼どんな敵が待ち受けてるのか⁉⁉⁉【鷹嶺ルイ/ホロライブ】※ネタバレあり,https://www.youtube.com/watch?v=vvKLXQGRTbY&t=18450
Lui,【 ウイニングポスト10 】競馬女子…初ウイポ‼目指せ最強馬！！！【鷹嶺ルイ/ホロライブ】,https://www.youtube.com/watch?v=5VKnNZCBL-A&t=2820
Lui,【 晩酌コラボ 】おそろいのグラスで乾杯✨二人でおでかけしてきたよ‼【 #るいろは /ホロライブ】,https://www.youtube.com/watch?v=7H0YXGl4JAA&t=2730
Iroha,【Minecraft】ありえんくらい整地をします。【風真いろは/ホロライブ】,https://www.youtube.com/watch?v=d3YldPSNE4E&t=6720
Risu,【hololiveId】OHAYOOOOO !!! What is your morning routine ??? 【Ayunda Risu】,https://www.youtube.com/watch?v=Xr3kFghLr8E&t=2220
Iofi,【 Senin Produktif 】Mari Kita Coba Gambar Chibi 【 iofi / hololive 】,https://www.youtube.com/watch?v=6Py0B0U9aOA&t=3180
Kaela,【#PemaloeDay2023】HELLO FROM THE OTHER SIDE + announcement【Kaela Kovalskia / hololiveID】,https://www.youtube.com/watch?v=a0A4jShdbL8&t=180
